{
  "image": "8.jpg",
  "direction": "11:30",
  "slope_m_img": 7.333332600000075,
  "steps_ms": {
    "read_image": 18.237699994642753,
    "clahe": 15.362899997853674,
    "fft_denoise_1": 236.86779999843566,
    "log_kernel": 0.0765999939176254,
    "log_convolution": 15.67359999899054,
    "edge_detection": 7172.42719999922,
    "fft_denoise_2": 231.33570000209147,
    "depth_inference_tflite": 170.96959999616956,
    "combine_depth_edge": 6.04380000004312,
    "patchify": 4.049100003612693,
    "astar_pathfinding": 0.12089999654563144,
    "slope_direction": 0.06420000136131421,
    "draw_arrow": 1.071799997589551,
    "save_arrow_png": 49.03240000567166,
    "plot_and_save_grid": 2253.9555999974255
  },
  "total_ms": 10175.28889998357
}