{
  "model_load_ms": 128.85000000096625,
  "images": [
    {
      "image": "1.jpg",
      "direction": "12:30",
      "slope_m_img": -4.143369131074884,
      "total_ms": 5854.744200012647,
      "steps_ms": {
        "read_image": 22.163400004501455,
        "clahe": 112.28329999721609,
        "fft_denoise_1": 168.6547999997856,
        "log_kernel": 0.11690000246744603,
        "log_convolution": 8.15370000054827,
        "edge_detection": 3553.6723000041093,
        "fft_denoise_2": 164.30969999782974,
        "depth_inference_tflite": 169.0364000023692,
        "combine_depth_edge": 2.206600001954939,
        "patchify": 2.122300000337418,
        "astar_pathfinding": 0.18290000298293307,
        "slope_direction": 0.08189999789465219,
        "draw_arrow": 1.0290999998687766,
        "save_arrow_png": 38.628299997071736,
        "plot_and_save_grid": 1612.102600003709
      }
    },
    {
      "image": "10.jpg",
      "direction": "1:30",
      "slope_m_img": -0.9545454520661159,
      "total_ms": 3449.0879000004497,
      "steps_ms": {
        "read_image": 10.133799994946457,
        "clahe": 9.478200001467485,
        "fft_denoise_1": 79.67379999900004,
        "log_kernel": 0.11809999705292284,
        "log_convolution": 3.932100000383798,
        "edge_detection": 1674.9982000037562,
        "fft_denoise_2": 50.39039999974193,
        "depth_inference_tflite": 165.19780000089668,
        "combine_depth_edge": 0.8041999972192571,
        "patchify": 1.651400001719594,
        "astar_pathfinding": 0.11860000086016953,
        "slope_direction": 0.06399999983841553,
        "draw_arrow": 0.3432000012253411,
        "save_arrow_png": 31.447100001969375,
        "plot_and_save_grid": 1420.737000000372
      }
    },
    {
      "image": "12.jpg",
      "direction": "2",
      "slope_m_img": -0.6712681145522399,
      "total_ms": 2275.343500012241,
      "steps_ms": {
        "read_image": 13.242900000477675,
        "clahe": 1.7731000043568201,
        "fft_denoise_1": 45.059500000206754,
        "log_kernel": 0.09970000246539712,
        "log_convolution": 1.7033999974955805,
        "edge_detection": 1074.3838000053074,
        "fft_denoise_2": 47.398200003954116,
        "depth_inference_tflite": 163.88910000387114,
        "combine_depth_edge": 0.25779999850783497,
        "patchify": 1.3739999994868413,
        "astar_pathfinding": 0.12520000018412247,
        "slope_direction": 0.05070000042906031,
        "draw_arrow": 0.1407999952789396,
        "save_arrow_png": 14.469000001554377,
        "plot_and_save_grid": 911.3762999986648
      }
    },
    {
      "image": "13.jpg",
      "direction": "1",
      "slope_m_img": -1.533742226960904,
      "total_ms": 4975.484000002325,
      "steps_ms": {
        "read_image": 20.394200000737328,
        "clahe": 8.132299997669179,
        "fft_denoise_1": 225.86199999932433,
        "log_kernel": 0.10759999713627622,
        "log_convolution": 9.219799998390954,
        "edge_detection": 3025.824800002738,
        "fft_denoise_2": 199.95590000326047,
        "depth_inference_tflite": 153.70789999724366,
        "combine_depth_edge": 1.7289000024902634,
        "patchify": 1.766299996234011,
        "astar_pathfinding": 0.127500003145542,
        "slope_direction": 0.05020000389777124,
        "draw_arrow": 0.5517000026884489,
        "save_arrow_png": 29.79380000033416,
        "plot_and_save_grid": 1298.2610999970348
      }
    },
    {
      "image": "14.jpg",
      "direction": "1:30",
      "slope_m_img": -1.0142161373796548,
      "total_ms": 7718.9242000022205,
      "steps_ms": {
        "read_image": 20.780099999683443,
        "clahe": 11.347600004228298,
        "fft_denoise_1": 274.06560000235913,
        "log_kernel": 0.07729999924777076,
        "log_convolution": 10.311799996998161,
        "edge_detection": 4854.1951999941375,
        "fft_denoise_2": 302.75779999647057,
        "depth_inference_tflite": 185.45390000508633,
        "combine_depth_edge": 3.9104999959818088,
        "patchify": 2.639999998791609,
        "astar_pathfinding": 0.13949999993201345,
        "slope_direction": 0.05400000372901559,
        "draw_arrow": 0.7620000033057295,
        "save_arrow_png": 60.83950000174809,
        "plot_and_save_grid": 1991.589400000521
      }
    },
    {
      "image": "2.jpg",
      "direction": "11:30",
      "slope_m_img": 2.63134656094031,
      "total_ms": 5855.146299996704,
      "steps_ms": {
        "read_image": 10.146499997063074,
        "clahe": 8.512699998391327,
        "fft_denoise_1": 161.33110000373563,
        "log_kernel": 0.10549999569775537,
        "log_convolution": 6.737000003340654,
        "edge_detection": 3752.4291000008816,
        "fft_denoise_2": 155.52459999889834,
        "depth_inference_tflite": 163.8589999929536,
        "combine_depth_edge": 2.402900005108677,
        "patchify": 2.0428999996511266,
        "astar_pathfinding": 0.12620000052265823,
        "slope_direction": 0.05450000026030466,
        "draw_arrow": 0.6117000011727214,
        "save_arrow_png": 38.79420000157552,
        "plot_and_save_grid": 1552.4683999974513
      }
    },
    {
      "image": "3.jpg",
      "direction": "1",
      "slope_m_img": -1.8888888783950617,
      "total_ms": 5568.960999975388,
      "steps_ms": {
        "read_image": 20.785499997145962,
        "clahe": 6.299599997873884,
        "fft_denoise_1": 155.11879999394296,
        "log_kernel": 0.10199999815085903,
        "log_convolution": 9.074800000234973,
        "edge_detection": 3557.359300000826,
        "fft_denoise_2": 170.4602999961935,
        "depth_inference_tflite": 153.5638999994262,
        "combine_depth_edge": 2.13679999433225,
        "patchify": 2.092900002025999,
        "astar_pathfinding": 0.12129999959142879,
        "slope_direction": 0.07059999916236848,
        "draw_arrow": 0.6451999943237752,
        "save_arrow_png": 32.671599998138845,
        "plot_and_save_grid": 1458.4584000040195
      }
    },
    {
      "image": "4.jpg",
      "direction": "1",
      "slope_m_img": -2.0162601527662107,
      "total_ms": 10240.151499994681,
      "steps_ms": {
        "read_image": 23.0022999967332,
        "clahe": 18.802999999024905,
        "fft_denoise_1": 280.1012999989325,
        "log_kernel": 0.06859999848529696,
        "log_convolution": 15.852700002142228,
        "edge_detection": 7140.734599997813,
        "fft_denoise_2": 274.6642999991309,
        "depth_inference_tflite": 208.57669999531936,
        "combine_depth_edge": 6.88800000352785,
        "patchify": 7.574300005217083,
        "astar_pathfinding": 0.17579999985173345,
        "slope_direction": 0.07429999823216349,
        "draw_arrow": 1.4898000008543022,
        "save_arrow_png": 63.88239999796497,
        "plot_and_save_grid": 2198.2634000014514
      }
    },
    {
      "image": "5.jpg",
      "direction": "12:30",
      "slope_m_img": -2.712643662571014,
      "total_ms": 10333.528499984823,
      "steps_ms": {
        "read_image": 20.540799996524584,
        "clahe": 16.868299993802793,
        "fft_denoise_1": 250.81150000187336,
        "log_kernel": 0.07390000246232376,
        "log_convolution": 14.738699996087234,
        "edge_detection": 7086.761499995191,
        "fft_denoise_2": 250.14070000179345,
        "depth_inference_tflite": 159.89629999967292,
        "combine_depth_edge": 6.246699995244853,
        "patchify": 4.48340000002645,
        "astar_pathfinding": 0.12959999730810523,
        "slope_direction": 0.055800002883188426,
        "draw_arrow": 1.0586999997030944,
        "save_arrow_png": 64.99990000156686,
        "plot_and_save_grid": 2456.7227000006824
      }
    },
    {
      "image": "6.jpg",
      "direction": "12:30",
      "slope_m_img": -7.333332600000075,
      "total_ms": 10014.671000004455,
      "steps_ms": {
        "read_image": 18.335200002184138,
        "clahe": 15.605399996275082,
        "fft_denoise_1": 228.68920000473736,